"DISTRICT","GR8E.1999.KDE","GR8E.2000.KDE","GR8E.2001.KDE","GR8E.2002.KDE","GR8E.2003.KDE","GR8E.2004.KDE","GR8E.2005.KDE","GR8E.2006.KDE","GR8E.2007.KDE","GR8E.2008.KDE","GR8E.2009.KDE","GR8E.2010.KDE","GR8E.2011.KDE","GR8E.2012.KDE","GR8E.2013.KDE","GR9E.1999.KDE","GR9E.2000.KDE","GR9E.2001.KDE","GR9E.2002.KDE","GR9E.2003.KDE","GR9E.2004.KDE","GR9E.2005.KDE","GR9E.2006.KDE","GR9E.2007.KDE","GR9E.2008.KDE","GR9E.2009.KDE","GR9E.2010.KDE","GR9E.2011.KDE","GR9E.2012.KDE","GR9E.2013.KDE","GR12E.1999.KDE","GR12E.2000.KDE","GR12E.2001.KDE","GR12E.2002.KDE","GR12E.2003.KDE","GR12E.2004.KDE","GR12E.2005.KDE","GR12E.2006.KDE","GR12E.2007.KDE","GR12E.2008.KDE","GR12E.2009.KDE","GR12E.2010.KDE","GR12E.2011.KDE","GR12E.2012.KDE","GR12E.2013.KDE","TOTAL.1999.KDE","TOTAL.2000.KDE","TOTAL.2001.KDE","TOTAL.2002.KDE","TOTAL.2003.KDE","TOTAL.2004.KDE","TOTAL.2005.KDE","TOTAL.2006.KDE","TOTAL.2007.KDE","TOTAL.2008.KDE","TOTAL.2009.KDE","TOTAL.2010.KDE","TOTAL.2011.KDE","TOTAL.2012.KDE","TOTAL.2013.KDE"
"1","Adair County",193,189,193,224,205,237,231,229,205,209,200,193,206,185,214,265,228,249,269,282,257,272,255,257,223,233,210,188,208,187,152,165,167,190,175,165,176,193,191,214,189,200,181,199,212,2622,2675,2711,2764,2755,2746,2802,2691,2692,2644,2634,2614,2605,2602,2675
"2","Allen County",225,217,244,263,233,286,220,260,268,223,227,223,235,229,262,309,275,249,280,289,261,310,251,292,284,233,233,231,225,227,207,181,192,211,187,189,207,213,204,244,204,222,220,201,176,3117,3078,3105,3107,3090,3076,3124,3140,3147,3144,3028,3035,3075,2989,2972
"3","Anchorage Independent",43,28,41,56,52,50,61,50,43,48,48,45,39,52,37,0,0,0,0,0,0,0,0,0,0,0,0,0,0,0,0,0,0,0,0,0,0,0,0,0,0,0,0,0,0,434,440,446,444,439,435,443,417,398,394,380,360,362,382,367
"4","Anderson County",261,273,274,262,288,324,285,325,309,299,333,324,288,300,306,297,293,309,331,296,315,350,326,360,348,332,368,343,318,323,188,192,196,231,237,244,256,262,275,299,278,287,272,271,293,3449,3491,3539,3716,3738,3731,3844,3911,3910,3919,3913,3894,3844,3806,3801
"5","Ashland Independent",293,287,286,246,268,279,261,242,275,263,244,232,262,252,213,248,321,308,307,290,288,290,276,261,272,261,256,239,247,244,220,229,227,195,257,215,232,218,203,234,224,218,236,222,223,3489,3494,3389,3348,3401,3359,3277,3274,3274,3230,3230,3231,3256,3183,3207
"6","Augusta Independent",27,30,19,22,17,22,23,24,24,21,31,27,20,18,18,24,32,23,21,23,27,27,32,26,24,27,37,26,28,22,19,16,26,17,22,18,24,22,24,29,27,30,28,24,32,282,376,293,265,282,278,296,289,303,308,302,305,304,298,290
"7","Ballard County",112,125,124,106,109,116,103,116,102,99,118,122,107,116,102,115,117,121,131,112,119,122,108,118,108,103,116,125,108,119,99,102,99,77,99,97,96,86,87,114,94,104,102,92,90,1453,1445,1386,1429,1418,1399,1384,1403,1410,1377,1386,1400,1364,1345,1332
"8","Barbourville Independent",63,56,52,42,54,52,49,46,59,48,40,46,57,61,53,64,68,71,52,38,62,59,43,51,61,51,54,53,55,69,53,51,37,44,58,52,38,40,53,49,32,45,59,39,51,682,700,704,684,641,646,671,613,644,643,639,686,688,654,687
"9","Bardstown Independent",134,123,151,136,147,152,160,159,191,178,176,181,197,189,211,145,148,136,158,149,169,168,173,165,201,186,168,192,193,185,113,109,122,107,111,88,122,104,126,119,117,115,145,130,135,1852,1887,1988,1973,2054,2124,2219,2264,2341,2356,2468,2472,2527,2553,2589
"10","Barren County",277,313,315,310,356,295,349,359,384,378,394,341,355,347,404,366,342,351,343,363,426,377,407,392,422,406,423,363,379,390,248,256,213,237,247,238,246,278,349,279,327,324,379,363,410,3853,3974,4049,4111,4140,4203,4325,4564,4561,4569,4694,4807,4837,4884,4980
"11","Bath County",125,125,177,164,143,195,161,163,159,170,151,156,163,168,156,171,138,150,188,174,160,203,182,177,165,180,165,158,175,172,131,116,116,97,98,81,123,114,120,152,136,136,140,147,141,1932,1940,1992,1939,1972,1998,2056,2026,2088,2021,2034,2058,2116,2110,2131
"12","Beechwood Independent",80,88,77,79,76,76,84,72,82,92,93,91,99,109,109,82,90,93,79,68,85,74,79,81,93,95,91,93,102,104,74,78,77,78,79,85,79,71,86,73,72,82,99,84,88,993,1000,1019,1004,977,1027,1045,1031,1081,1090,1112,1154,1186,1211,1253
"13","Bell County",233,219,279,243,245,275,281,272,239,248,259,227,223,248,234,336,334,286,325,292,290,291,301,305,266,266,260,244,238,247,263,238,204,196,222,182,209,183,187,186,189,197,175,200,200,3244,3273,3132,3146,3147,3160,3219,3187,3176,3134,3082,2989,2998,3010,2948
"14","Bellevue Independent",57,66,79,86,86,53,78,64,62,53,61,65,66,65,64,67,57,75,99,102,105,73,89,76,75,67,60,74,74,71,62,64,51,52,53,58,66,66,59,54,59,59,52,51,42,927,935,956,901,939,871,861,830,812,797,790,766,761,783,744
"15","Berea Independent",91,91,97,87,81,79,83,90,99,82,84,83,91,116,94,85,88,101,97,83,91,95,81,101,116,88,95,91,90,108,64,72,62,68,72,77,82,67,71,79,68,77,71,67,78,1076,1081,1102,1075,1085,1125,1114,1092,1080,1121,1109,1089,1106,1100,1145
"16","Boone County",993,1046,1009,1148,1246,1313,1330,1391,1317,1455,1444,1412,1583,1552,1598,1277,1167,1257,1211,1365,1433,1501,1523,1571,1409,1535,1494,1472,1639,1618,715,784,734,928,832,935,884,1081,1076,1098,1157,1224,1132,1237,1221,13279,13633,14006,14733,15538,16480,17347,18001,18446,18919,19409,19676,19842,20036,20278
"17","Bourbon County",225,208,214,234,218,227,198,213,219,216,230,207,210,218,209,240,244,218,227,255,248,275,239,257,271,259,251,239,242,228,200,156,195,175,171,170,171,184,182,202,174,190,184,203,224,2781,2776,2788,2718,2730,2706,2714,2724,2718,2649,2622,2630,2729,2729,2698
"18","Bowling Green Independent",267,259,275,282,300,292,285,281,309,265,302,304,312,316,277,311,320,329,317,352,376,370,373,346,363,377,379,364,375,377,248,225,239,225,213,208,234,243,274,252,261,239,282,262,291,3539,3574,3655,3630,3625,3742,3769,3854,3887,3860,4003,3980,4118,4121,4080
"19","Boyd County",260,269,250,299,271,257,213,272,257,230,258,267,238,233,252,299,287,291,294,361,290,302,250,316,275,271,263,290,265,249,246,238,200,223,231,224,232,242,242,246,217,241,216,217,218,3605,3603,3568,3593,3512,3494,3466,3391,3378,3348,3368,3324,3321,3349,3355
"20","Boyle County",206,249,183,251,214,240,267,205,230,235,217,202,227,209,248,266,240,260,213,261,275,307,306,200,234,227,225,197,225,206,177,193,202,206,192,216,168,207,192,223,253,200,241,218,192,2750,2781,2777,2795,2787,2785,2782,2782,2706,2717,2712,2694,2702,2692,2619
"21","Bracken County",92,110,92,107,91,96,107,103,95,93,92,92,85,102,89,98,103,115,107,118,114,109,121,116,94,98,97,97,93,116,76,90,89,82,86,81,85,82,80,68,95,92,67,73,82,1210,1233,1232,1277,1247,1254,1208,1252,1279,1255,1237,1206,1198,1221,1244
"22","Breathitt County",201,215,175,185,196,192,191,190,219,200,187,175,157,170,125,331,301,257,231,242,277,294,253,251,262,234,203,207,315,196,146,131,119,159,142,182,138,160,152,173,173,156,205,179,159,2617,2468,2359,2375,2340,2373,2329,2344,2359,2315,2302,2216,2225,2286,2108
"23","Breckinridge County",225,232,223,217,197,208,220,221,201,206,219,209,198,202,210,239,246,243,243,220,215,240,236,231,218,232,244,220,218,233,221,212,206,196,209,193,205,202,190,200,217,211,210,226,230,2779,2764,2748,2732,2675,2684,2709,2716,2751,2727,2744,2797,2801,2757,2797
"24","Bullitt County",791,767,772,832,962,960,1043,1067,1046,1019,1055,959,1022,1050,1030,922,882,877,861,903,1051,1046,1145,1179,1174,1126,1054,1030,1074,1165,749,710,652,684,666,706,685,735,806,808,881,925,982,1006,1023,10863,10855,10994,11246,11405,11722,12132,12527,12649,12736,12874,12776,12921,12982,13065
"25","Burgin Independent",31,33,35,38,37,34,35,38,40,33,39,24,45,29,43,43,33,31,37,37,44,31,40,35,47,41,38,19,41,32,30,16,15,23,25,20,33,30,32,32,32,31,35,32,36,417,411,393,441,438,451,447,470,437,450,457,463,456,454,464
"26","Butler County",184,163,194,175,180,201,163,153,167,157,153,160,160,186,162,229,212,179,200,210,209,250,196,181,200,169,181,169,172,202,139,133,140,140,141,141,149,149,140,164,126,126,158,143,151,2304,2291,2292,2187,2223,2216,2220,2155,2130,2144,2097,2138,2152,2157,2225
"27","Caldwell County",161,167,162,160,189,173,155,149,171,169,148,173,142,154,143,193,185,174,181,177,191,174,160,164,190,175,153,180,153,162,153,144,140,152,143,142,147,130,138,137,142,136,165,141,143,2125,2120,2077,2067,2080,2081,2036,2015,2010,2011,2037,2018,1996,1998,2046
"28","Calloway County",245,267,253,258,250,226,249,271,252,250,230,243,260,259,247,242,252,264,252,240,239,246,243,266,250,257,236,256,259,242,232,226,236,207,230,244,228,221,239,244,226,264,261,245,231,3193,3134,3023,3001,2977,2915,3132,3149,3179,3184,3214,3212,3275,3285,3169
"29","Campbell County",416,367,366,403,385,380,412,382,344,363,376,371,404,423,408,488,512,446,494,425,503,576,478,466,428,471,471,422,451,454,320,349,323,340,347,347,382,325,357,349,371,348,352,376,375,4896,4893,4688,4868,4621,4710,5135,4937,5086,4854,4999,5039,4976,4973,4951
"30","Campbellsville Independent",100,110,110,93,81,122,87,88,84,71,70,74,83,78,80,99,108,112,108,97,89,102,97,82,93,70,77,79,80,78,111,108,83,80,77,96,89,62,69,94,69,70,66,52,70,1346,1305,1285,1239,1215,1246,1173,1122,1141,1134,1108,1124,1145,1161,1174
"31","Carlisle County",58,69,66,60,80,69,62,80,50,68,55,60,54,72,55,84,73,71,66,69,91,75,72,90,62,74,58,69,56,71,63,68,52,62,53,50,44,52,65,48,61,70,51,66,46,881,874,857,841,834,824,805,821,787,807,817,805,810,797,766
"32","Carroll County",113,136,135,165,150,165,155,162,149,162,175,134,157,157,136,144,126,145,147,186,179,179,186,190,159,171,185,141,160,174,127,115,131,108,103,118,98,117,122,118,130,136,116,138,131,1853,1846,1855,1849,1868,1909,1887,1927,1988,2014,1991,1991,1932,1974,1984
"33","Carter County",315,345,372,354,428,404,373,427,402,384,358,383,366,401,345,451,338,365,401,367,461,441,384,446,416,405,384,393,373,389,322,248,256,287,247,264,301,281,331,303,307,337,312,306,328,4819,4756,4863,4920,4913,4971,5003,4992,4978,4937,4875,4840,4726,4746,4706
"34","Casey County",192,199,190,213,191,182,204,228,219,168,181,173,172,198,191,209,210,206,197,218,208,191,211,230,218,169,188,171,165,195,156,147,120,145,156,161,147,167,163,145,159,177,180,159,175,2473,2405,2460,2429,2416,2435,2504,2546,2475,2443,2372,2349,2370,2332,2305
"35","Caverna Independent",77,67,63,56,50,69,65,74,61,61,45,56,53,67,58,83,84,63,71,63,71,79,58,88,78,77,54,52,66,71,67,51,48,44,57,51,53,44,48,49,45,54,47,49,41,902,819,797,794,784,807,811,787,756,761,757,792,765,767,750
"36","Christian County",675,675,713,741,737,680,721,750,715,701,690,701,689,679,705,868,867,785,782,811,784,742,823,779,730,670,741,767,736,728,491,537,480,516,530,451,507,534,537,512,533,593,550,491,553,9688,9785,9656,9794,9664,9598,9696,9812,9642,9547,9571,9564,9815,9654,9690
"37","Clark County",393,418,383,439,426,455,449,422,478,439,420,430,437,414,436,494,455,488,466,508,431,517,527,516,505,468,442,438,447,419,293,282,314,314,279,333,325,362,339,384,355,394,420,374,397,5339,5310,5343,5381,5391,5486,5577,5609,5651,5637,5580,5613,5628,5594,5553
"38","Clay County",328,334,314,322,335,338,305,288,296,305,289,264,248,272,257,438,414,405,376,388,388,411,370,347,339,324,330,297,280,273,203,223,181,203,199,232,224,226,212,233,222,220,193,215,208,4305,4201,4135,4099,4048,3977,3828,3783,3736,3662,3582,3509,3448,3446,3374
"39","Clinton County",135,129,109,128,120,132,130,133,119,123,152,117,134,142,144,123,158,145,121,148,142,156,153,150,144,150,151,144,149,178,117,90,83,69,101,91,87,105,89,104,93,105,110,100,123,1543,1546,1547,1591,1607,1629,1667,1690,1686,1735,1768,1736,1765,1762,1762
"40","Cloverport Independent",17,27,17,18,19,26,16,24,20,25,27,32,23,26,35,20,21,28,17,26,19,25,18,24,18,27,28,33,26,32,22,27,20,24,15,20,16,19,19,18,19,21,21,20,34,316,307,286,293,315,306,313,300,313,324,332,331,363,377,433
"41","Corbin Independent",162,178,185,198,155,204,194,167,170,208,199,221,237,239,250,203,189,200,187,216,184,187,200,192,185,230,214,228,247,246,197,186,167,176,152,157,172,177,157,182,206,194,170,206,205,2096,2110,2161,2210,2221,2301,2332,2348,2485,2552,2751,2773,2835,2970,2935
"42","Covington Independent",411,391,355,363,346,354,326,336,265,283,253,227,268,254,242,361,390,409,396,364,346,371,360,379,300,305,282,267,299,322,214,194,221,208,204,199,171,224,195,201,165,188,179,191,187,5125,4951,4785,4577,4341,4266,4178,4201,4187,4022,3828,3859,3909,4053,4165
"43","Crittenden County",103,89,119,106,114,108,115,129,114,91,92,97,105,111,76,126,114,95,119,114,127,124,125,133,121,102,108,95,109,112,137,115,95,105,104,85,104,79,102,90,106,118,95,86,88,1514,1411,1383,1362,1353,1342,1332,1323,1329,1326,1348,1334,1290,1311,1290
"44","Cumberland County",82,81,103,97,117,101,93,93,79,83,86,84,62,73,80,112,80,78,92,98,113,108,89,104,85,93,90,87,59,72,80,71,79,83,54,61,68,80,86,66,64,77,74,82,79,1227,1176,1189,1175,1146,1131,1144,1127,1099,1023,1049,1053,1032,1022,1017
"45","Danville Independent",139,119,143,137,162,147,147,134,132,149,135,136,121,126,150,138,158,137,157,170,169,162,161,157,146,157,147,170,121,129,78,93,110,102,101,97,121,119,130,135,120,121,102,148,125,1834,1861,1904,1865,1885,1824,1927,1863,1824,1809,1765,1794,1849,1852,1827
"46","Daviess County",797,837,778,815,874,830,841,832,841,795,830,754,872,853,806,908,890,927,836,893,948,900,893,892,916,834,833,775,868,896,826,801,785,761,768,805,762,807,875,843,796,771,800,723,765,10358,10356,10475,10534,10750,11084,11124,11092,11081,11091,11024,11084,11113,11077,11222
"47","Dawson Springs Independent",71,62,53,40,64,49,39,56,56,65,47,45,52,47,62,60,68,69,62,41,64,46,50,68,58,70,50,47,54,51,37,32,42,37,56,40,43,38,51,34,36,45,53,66,35,721,739,735,693,683,683,669,678,688,686,687,702,676,656,621
"48","Dayton Independent",96,86,83,93,94,89,82,73,88,74,64,68,47,77,69,109,99,113,110,99,108,104,111,72,98,79,73,60,48,84,77,62,56,42,63,53,70,61,58,53,74,45,52,55,35,1242,1124,1116,1133,1094,1101,1061,1017,977,958,920,896,902,889,861
"49","East Bernstadt Independent",45,47,53,39,55,41,45,55,45,49,49,42,44,38,31,0,0,0,0,0,0,0,0,0,0,0,0,0,0,0,0,0,0,0,0,0,0,0,0,0,0,0,0,0,0,487,495,491,469,490,504,515,495,521,521,528,506,519,500,483
"50","Edmonson County",156,154,168,164,174,155,153,164,166,171,149,160,154,137,144,180,158,169,167,171,168,161,156,160,176,164,150,161,154,144,140,121,105,200,209,209,216,256,288,270,274,266,298,286,256,1949,1958,2000,2084,2120,2090,2098,2103,2138,2102,2082,2090,2111,2025,1988
"51","Elizabethtown Independent",146,180,172,176,180,196,177,176,181,181,166,207,212,177,209,230,198,237,213,195,227,228,209,208,207,223,209,247,248,191,177,156,144,175,147,169,167,147,148,163,147,162,173,187,165,2226,2235,2282,2354,2314,2346,2364,2352,2369,2295,2350,2477,2477,2492,2550
"52","Elliott County",75,94,81,90,85,93,83,100,105,90,85,93,84,81,73,108,84,118,94,102,100,102,96,113,105,95,82,98,78,84,76,79,66,88,68,89,63,67,64,75,74,83,86,68,62,1279,1204,1221,1227,1193,1200,1167,1174,1178,1159,1144,1133,1106,1066,1058
"53","Eminence Independent",40,46,34,37,37,36,43,35,52,45,46,41,36,39,47,34,42,41,30,34,36,39,47,32,46,42,43,42,31,51,25,29,22,213,125,235,187,169,184,212,178,226,197,156,167,556,523,516,721,649,723,734,743,772,831,773,804,782,715,777
"54","Erlanger-Elsmere Independent",162,167,173,174,161,187,187,202,194,183,164,167,166,141,161,169,167,193,185,202,201,206,195,263,221,238,206,172,168,167,149,135,131,103,131,125,123,137,125,166,108,147,121,130,128,2323,2219,2277,2260,2267,2327,2419,2406,2473,2506,2403,2327,2270,2234,2314
"55","Estill County",212,194,211,220,184,205,226,201,211,189,188,175,179,201,176,250,230,216,244,236,215,238,253,240,234,210,208,192,188,207,161,160,166,161,167,129,155,154,143,166,179,174,185,165,176,2707,2673,2667,2645,2563,2537,2572,2516,2511,2504,2511,2506,2526,2457,2451
"56","Fairview Independent",45,51,53,55,52,77,76,63,71,63,60,68,74,72,73,66,43,61,60,62,63,82,87,64,81,64,74,81,79,81,52,52,39,47,51,60,63,67,69,81,71,77,84,70,70,677,680,663,693,722,779,782,791,803,821,815,850,874,872,904
"57","Fayette County",2593,2531,2540,2658,2668,2650,2660,2749,2698,2590,2717,2711,2774,2894,2839,2902,3022,2900,2986,3026,3152,3107,3153,3331,3312,3186,3232,3169,3250,3369,1856,1830,1831,1903,1981,1938,1996,2060,2173,2231,2280,2381,2333,2324,2425,33805,33640,33646,34196,34267,34688,35002,35559,36199,36736,37498,38260,38858,39450,40112
"58","Fleming County",184,190,204,208,192,202,210,201,185,198,182,177,173,180,213,207,210,233,238,251,219,215,222,216,207,221,198,179,181,192,170,151,132,143,156,159,175,159,148,148,169,180,162,159,158,2457,2459,2465,2495,2567,2517,2474,2430,2446,2405,2406,2368,2379,2345,2308
"59","Floyd County",578,601,571,519,550,584,509,485,523,482,497,485,472,422,466,694,672,687,626,598,621,638,577,548,578,531,495,526,469,431,437,469,457,435,410,434,437,405,453,451,386,433,431,414,425,7500,7332,7196,6971,6856,6718,6671,6658,6510,6434,6354,6275,6279,6276,6233
"60","Fort Thomas Independent",195,176,198,186,208,195,193,188,165,185,182,209,220,219,231,188,217,205,213,219,226,213,217,208,188,208,224,234,264,256,183,219,195,183,209,195,188,188,207,205,197,192,180,186,214,2375,2382,2339,2306,2324,2322,2363,2413,2453,2530,2584,2680,2755,2859,2979
"61","Frankfort Independent",67,80,60,65,69,74,70,66,67,64,60,55,53,55,48,113,107,107,102,106,102,116,105,84,99,74,68,66,64,56,58,88,83,70,66,90,91,79,74,66,79,65,54,64,55,952,968,935,894,924,915,898,890,863,804,785,752,783,802,788
"62","Franklin County",474,439,451,431,418,502,493,426,413,456,430,459,448,425,481,557,580,570,562,519,535,601,639,582,545,549,505,554,539,519,396,382,356,377,383,325,368,319,323,367,393,384,362,393,384,5959,5986,5972,5892,5903,5895,5998,6048,6058,6079,6074,6091,6197,6251,6262
"63","Fulton County",68,80,74,70,63,78,65,44,49,62,41,37,45,37,38,81,63,76,92,80,73,90,76,50,47,59,47,40,41,38,62,38,50,52,43,54,47,50,45,59,50,36,35,45,45,914,847,836,799,746,729,698,663,640,625,559,543,554,542,547
"64","Fulton Independent",34,42,36,45,39,39,38,37,32,38,34,22,29,29,31,50,35,48,37,41,44,40,48,40,41,35,35,28,35,25,34,42,55,40,27,38,28,36,36,25,35,29,33,35,32,538,546,553,543,504,480,467,471,448,460,444,416,412,398,395
"65","Gallatin County",129,127,133,104,138,121,113,134,127,142,118,117,128,117,143,110,117,151,152,149,178,187,142,161,145,163,136,144,147,139,81,65,73,42,62,68,80,69,103,97,91,109,112,115,113,1559,1530,1456,1461,1624,1560,1753,1583,1623,1622,1654,1666,1675,1709,1703
"66","Garrard County",195,180,195,204,214,221,221,222,222,202,188,183,203,212,187,202,207,208,209,247,249,245,253,241,246,233,197,196,220,208,131,135,149,138,146,125,127,141,155,172,164,173,204,145,143,2412,2437,2521,2510,2506,2538,2596,2643,2646,2573,2546,2571,2542,2516,2570
"67","Glasgow Independent",169,169,139,147,164,158,173,149,169,148,167,138,161,161,172,155,174,169,148,168,171,178,186,176,166,154,168,161,161,168,142,124,126,113,122,128,103,129,113,131,130,141,164,135,144,2129,2098,2030,1990,1987,1999,2025,2052,2064,2030,1974,1952,2012,1969,2061
"68","Grant County",246,322,313,308,310,342,313,307,313,312,302,288,317,310,306,382,351,384,396,374,332,395,390,351,331,324,304,308,305,302,186,192,149,190,161,219,229,206,215,239,274,262,259,273,278,3698,3784,3782,3861,3884,3875,3922,3966,4016,3934,3939,3847,3932,3859,3882
"69","Graves County",346,360,361,394,393,360,359,370,357,369,380,390,373,329,401,406,383,412,415,471,458,436,459,413,390,414,428,427,390,365,299,291,295,314,280,277,295,350,376,342,376,354,350,367,382,4492,4460,4508,4578,4541,4626,4750,4765,4756,4710,4707,4693,4666,4581,4560
"70","Grayson County",292,320,320,291,344,333,347,343,331,344,342,302,351,306,359,400,327,351,364,338,374,349,392,374,360,365,366,335,364,339,270,265,261,289,257,257,282,254,293,278,293,320,282,306,289,4250,4177,4187,4165,4182,4222,4269,4309,4245,4260,4299,4287,4285,4310,4278
"71","Green County",129,151,139,138,124,126,125,129,147,136,136,119,139,111,139,157,147,171,152,160,138,139,141,136,153,133,136,126,145,109,112,94,127,114,119,116,111,115,111,124,113,121,151,105,118,1718,1736,1750,1658,1688,1665,1643,1727,1692,1730,1719,1698,1719,1699,1633
"72","Greenup County",247,263,248,275,272,263,274,285,266,239,225,237,229,248,208,286,266,290,303,316,315,287,303,301,296,266,274,270,250,259,201,219,189,224,194,194,190,200,198,225,224,203,217,181,189,3381,3277,3311,3274,3259,3227,3228,3195,3175,3142,3104,3091,3063,3014,2985
"73","Hancock County",111,129,120,118,149,150,127,142,130,124,118,129,135,124,131,105,104,128,129,120,153,145,134,149,144,122,119,139,139,137,123,97,113,89,96,111,105,104,127,134,107,126,113,111,92,1574,1570,1616,1551,1593,1594,1613,1607,1669,1704,1677,1685,1685,1650,1659
"74","Hardin County",1096,1086,1044,1091,1118,1149,1129,1110,1125,1084,1177,1161,1080,1136,1175,1287,1278,1189,1313,1296,1357,1398,1333,1290,1292,1292,1336,1284,1239,1242,942,925,894,970,928,921,971,979,1086,1075,1029,1071,1081,1033,1071,13584,13490,13402,13563,13611,13893,14164,14378,14388,14379,14872,15087,14598,14884,14803
"75","Harlan County",416,441,417,363,395,425,371,373,323,364,337,319,336,308,339,539,473,486,514,405,438,450,388,369,344,357,340,327,343,295,344,336,280,367,281,282,305,272,288,283,260,267,232,259,256,5423,5263,5110,5060,4829,4686,4681,4619,4434,4388,4224,4209,4195,4217,4270
"76","Harlan Independent",79,75,55,72,48,71,58,55,54,67,75,63,52,76,52,76,80,81,78,90,67,80,74,69,58,71,74,68,49,78,73,58,75,56,68,61,46,60,47,56,60,51,54,54,57,892,891,914,875,894,919,840,818,865,861,855,824,819,821,761
"77","Harrison County",248,272,223,260,253,269,290,236,254,251,249,243,220,260,221,304,266,311,256,297,284,278,310,277,268,268,261,264,226,266,210,219,195,208,188,232,205,217,201,213,218,214,198,207,221,3244,3188,3206,3204,3198,3240,3230,3255,3236,3178,3181,3099,3088,3091,3058
"78","Harrodsburg Independent",58,61,79,73,70,79,74,NA,NA,NA,NA,NA,NA,NA,NA,101,72,62,87,79,80,77,NA,NA,NA,NA,NA,NA,NA,NA,41,48,43,54,40,47,49,NA,NA,NA,NA,NA,NA,NA,NA,995,979,969,960,918,932,892,NA,NA,NA,NA,NA,NA,NA,NA
"79","Hart County",205,184,192,192,197,190,225,163,220,180,181,173,192,216,199,183,207,199,197,207,207,195,235,194,226,186,190,179,190,221,188,142,140,146,172,170,150,169,157,160,199,168,194,173,193,2366,2359,2393,2414,2450,2488,2451,2433,2413,2356,2322,2334,2330,2375,2375
"80","Hazard Independent",79,82,68,83,68,65,73,71,66,58,68,76,56,70,60,94,102,87,73,79,72,94,80,68,80,79,75,82,60,84,66,67,81,80,77,67,77,72,64,84,74,67,80,69,73,1039,1071,1043,952,885,903,976,945,943,960,949,950,935,901,949
"81","Henderson County",579,554,545,583,591,553,553,526,497,567,530,487,504,509,561,614,609,564,574,649,689,622,617,610,570,622,562,551,551,561,552,507,494,488,470,471,444,482,524,482,485,499,464,543,456,7406,7277,7127,7067,6984,7036,7151,7122,7158,7162,7216,7215,7243,7350,7382
"82","Henry County",145,190,158,166,190,186,179,168,168,187,154,162,173,165,181,188,166,208,191,172,212,203,196,215,174,199,167,176,177,171,131,145,103,134,122,150,129,121,135,169,151,156,145,167,134,2154,2176,2117,2170,2146,2155,2116,2156,2185,2202,2216,2213,2180,2165,2131
"83","Hickman County",67,70,72,53,64,74,58,66,55,47,69,61,59,67,56,70,72,66,72,53,66,76,66,69,58,42,67,60,62,63,55,41,43,50,50,52,63,37,45,58,43,58,51,39,66,848,835,791,802,819,817,808,790,782,767,746,787,748,767,762
"84","Hopkins County",543,542,585,564,574,599,555,550,553,560,521,571,557,549,504,696,622,624,666,639,640,668,612,587,593,596,585,584,618,594,473,407,411,480,450,421,459,429,463,443,474,448,441,467,463,7143,7038,7098,7203,7190,7164,7150,7181,7194,7083,7016,7002,7034,7052,7079
"85","Jackson County",221,184,198,194,202,191,202,163,182,170,153,164,147,172,191,257,277,235,208,221,229,201,205,168,196,190,163,170,151,180,140,131,133,138,159,116,123,138,164,156,164,132,144,152,116,2461,2459,2443,2400,2348,2283,2326,2320,2323,2273,2257,2213,2211,2226,2203
"86","Jackson Independent",32,26,38,45,52,41,41,28,32,38,39,36,33,29,30,31,40,34,41,49,46,36,40,30,33,32,35,31,29,25,21,24,17,30,40,34,20,16,33,27,31,25,21,21,24,429,460,517,597,643,600,506,420,420,427,405,401,410,420,397
"87","Jefferson County",6443,6460,6326,6812,7044,7231,7060,6815,6936,7166,7022,7146,7497,7261,7644,8914,8614,8598,8092,8602,8779,9230,9064,9326,8881,8716,8469,8468,8679,8245,5247,5482,5045,5373,5699,5787,5536,5778,6226,6295,6340,6636,6697,6713,6519,94681,94062,93898,94388,95375,95283,95831,96325,97412,97850,97852,98609,99045,99767,100070
"88","Jenkins Independent",48,27,36,36,41,54,40,45,47,42,46,54,50,29,25,57,57,30,47,54,57,83,64,54,65,61,49,41,56,35,51,43,41,43,39,24,35,44,34,40,38,37,47,41,42,599,543,543,585,586,589,632,621,580,559,588,594,533,533,495
"89","Jessamine County",511,521,512,541,620,600,620,606,569,556,569,575,619,570,601,580,557,563,557,591,680,694,778,726,654,631,621,627,650,621,361,393,386,435,422,423,438,437,469,471,508,521,493,519,583,6602,6709,6841,7005,7097,7108,7383,7497,7616,7651,7626,7720,7824,7835,8013
"90","Johnson County",291,288,338,286,316,290,294,286,328,270,278,260,305,309,296,342,307,311,366,292,324,329,303,306,332,284,282,268,300,309,241,218,240,268,242,227,257,231,242,254,247,260,274,259,263,3812,3807,3785,3788,3769,3711,3807,3782,3857,3797,3813,3808,3842,3787,3766
"91","Kenton County",943,1007,984,1044,982,1034,1025,1024,1075,1048,982,1099,1076,1154,1154,1049,1063,1121,1044,1165,1175,1192,1188,1250,1235,1140,1132,1157,1107,1174,734,708,723,786,739,749,841,841,822,857,929,883,932,900,888,12122,12309,12447,12510,12588,12729,13198,13537,13647,13878,14227,14403,14514,14602,14503
"92","Knott County",269,233,221,202,206,226,251,226,206,223,210,177,177,194,209,329,329,276,267,240,258,270,268,272,241,216,228,197,189,198,208,213,183,167,184,175,162,142,150,146,182,195,168,187,195,3217,3057,2957,2880,2789,2760,2701,2593,2562,2599,2555,2511,2477,2493,2440
"93","Knox County",368,383,359,365,391,402,412,416,383,364,356,346,320,351,356,490,437,372,387,412,443,428,453,483,417,405,374,342,377,386,293,276,258,282,281,268,279,268,293,303,290,324,282,299,256,5106,5043,4897,4852,4913,4898,4882,4907,4845,4858,4791,4687,4546,4558,4529
"94","LaRue County",165,158,182,192,189,224,193,188,203,179,180,202,179,198,213,217,185,165,197,195,211,239,203,187,213,186,197,205,186,208,149,152,172,167,141,122,151,154,184,195,189,173,181,167,180,2459,2376,2384,2405,2349,2414,2479,2463,2458,2441,2426,2445,2423,2425,2461
"95","Laurel County",673,667,697,647,730,709,756,711,702,782,698,720,771,756,738,825,769,820,873,823,890,865,872,893,840,930,858,855,909,864,463,463,490,506,493,480,533,500,553,555,571,579,498,574,477,8657,8651,8803,8971,9108,9151,9312,9383,9446,9441,9581,9568,9597,9548,9477
"96","Lawrence County",247,237,236,232,244,252,239,249,217,179,181,167,167,179,209,258,270,255,267,227,248,235,240,253,226,184,184,165,171,188,184,198,179,187,158,165,170,162,172,146,144,194,164,135,145,2938,2890,2816,2801,2726,2692,2697,2636,2559,2482,2512,2515,2440,2482,2502
"97","Lee County",107,106,112,126,105,102,115,75,93,115,95,92,83,73,79,127,106,112,131,137,115,119,121,80,97,109,110,94,85,73,91,84,73,73,72,57,87,78,72,83,90,55,82,86,79,1403,1375,1360,1300,1302,1245,1234,1180,1122,1166,1141,1167,1163,1105,1079
"98","Leslie County",220,168,184,190,187,165,149,168,149,159,145,147,132,145,126,220,234,190,200,205,191,183,178,213,177,151,135,131,124,140,131,142,139,163,138,122,147,124,122,107,117,131,114,128,110,2331,2302,2222,2246,2127,2072,2035,1963,1914,1836,1809,1796,1793,1806,1800
"99","Letcher County",300,292,275,298,323,302,267,268,284,282,239,276,267,294,222,389,360,334,301,323,348,328,293,277,282,281,231,277,255,285,258,241,223,237,229,222,196,213,212,219,192,207,222,229,208,3891,3819,3672,3608,3567,3486,3401,3388,3307,3330,3304,3362,3363,3290,3323
"100","Lewis County",210,186,192,187,200,191,220,203,194,207,177,185,190,193,175,229,249,220,212,201,210,215,225,217,206,215,192,195,206,205,138,159,149,148,138,140,123,162,149,158,175,160,173,170,150,2562,2569,2524,2479,2482,2490,2487,2529,2520,2459,2410,2395,2418,2440,2367
"101","Lincoln County",323,326,323,311,323,337,328,326,326,326,305,325,316,285,299,373,368,385,368,328,330,346,336,352,376,366,345,353,371,284,189,224,195,224,260,284,291,279,261,263,249,263,238,252,243,4129,4148,4138,4211,4314,4338,4317,4276,4230,4175,4134,4099,3983,3993,3905
"102","Livingston County",116,125,104,124,129,142,109,99,107,123,88,100,96,83,100,126,114,143,132,138,149,150,124,115,117,146,99,109,105,94,99,86,93,100,66,93,82,101,99,122,96,85,91,97,69,1525,1497,1462,1419,1363,1384,1344,1346,1344,1312,1288,1287,1266,1238,1204
"103","Logan County",261,229,257,263,290,274,275,294,316,278,271,289,288,273,289,293,297,252,291,276,300,287,299,328,317,289,281,300,322,307,202,206,236,207,219,216,246,216,271,256,258,267,261,252,254,3264,3260,3277,3352,3445,3433,3531,3593,3662,3623,3612,3595,3514,3572,3543
"104","Ludlow Independent",81,86,100,86,85,94,85,70,86,80,82,65,83,64,70,81,70,93,101,89,81,88,92,83,88,83,83,67,84,68,64,69,50,68,55,72,77,66,70,83,74,64,72,70,63,1102,1036,1051,1035,1005,983,948,948,944,891,878,886,865,856,848
"105","Lyon County",86,76,63,91,86,92,93,94,76,71,62,75,62,75,72,83,91,81,66,83,90,100,95,86,83,71,64,81,70,71,49,78,51,67,74,64,58,76,83,93,84,79,74,66,62,1021,1065,1010,1044,1012,998,1028,1022,973,948,889,876,894,907,894
"106","Madison County",697,690,730,687,741,776,792,830,744,763,817,814,840,848,844,663,696,700,821,762,793,894,885,972,858,862,848,867,835,869,568,532,530,490,565,574,631,599,671,664,676,734,690,706,762,9223,9262,9403,9553,9799,10087,10374,10575,10787,10848,10862,11092,11208,11284,11472
"107","Magoffin County",207,181,194,183,191,225,218,185,164,174,161,179,171,171,170,278,251,212,242,216,239,243,229,197,161,174,161,166,174,171,171,168,154,173,147,122,158,154,168,191,164,165,134,158,143,2643,2595,2484,2447,2442,2393,2426,2416,2367,2329,2294,2295,2228,2201,2146
"108","Marion County",210,223,218,235,241,235,254,250,254,235,250,247,221,243,224,249,253,259,251,265,291,256,286,280,302,288,286,267,247,274,211,218,219,195,196,186,186,191,212,199,223,196,223,218,237,3008,3083,3061,3058,3072,3148,3178,3189,3194,3188,3245,3228,3186,3188,3180
"109","Marshall County",400,373,365,404,426,408,371,397,365,398,355,374,314,385,376,410,402,377,394,424,436,432,386,404,382,397,369,384,329,396,325,291,305,306,310,273,294,340,353,361,352,337,309,349,305,4911,4921,4815,4819,4750,4766,4801,4868,4886,4890,4869,4910,4736,4761,4732
"110","Martin County",209,171,180,192,205,227,200,211,174,174,171,145,187,163,174,272,239,206,219,241,230,263,197,244,216,206,168,142,181,155,166,178,147,144,139,98,122,129,110,150,126,157,146,147,141,2766,2652,2547,2471,2421,2391,2340,2297,2272,2281,2212,2195,2214,2132,2143
"111","Mason County",240,242,197,228,220,215,211,228,201,203,249,235,204,214,256,212,249,247,217,244,243,238,234,236,219,206,247,231,217,238,174,163,175,176,187,186,160,197,185,197,189,201,195,184,214,2775,2767,2786,2817,2821,2773,2818,2880,2819,2815,2888,2850,2825,2883,2870
"112","Mayfield Independent",108,119,105,105,127,131,124,107,100,98,115,116,118,117,120,132,119,119,119,118,135,138,119,116,101,91,117,117,119,124,88,80,89,87,89,81,82,80,91,101,95,92,84,89,105,1476,1473,1517,1512,1580,1567,1590,1550,1573,1559,1527,1519,1557,1647,1694
"113","McCracken County",521,545,526,579,560,556,559,592,571,580,574,502,550,597,546,599,562,629,593,633,652,647,601,645,651,634,652,553,597,632,531,462,471,452,437,453,425,454,479,451,454,491,432,461,458,7107,6871,6906,6947,6901,7021,7167,7208,7205,7342,7315,7381,7186,7108,6972
"114","McCreary County",274,271,227,322,272,264,256,288,251,232,228,198,231,199,235,267,282,316,274,353,355,306,299,343,262,259,250,205,260,221,209,212,208,194,233,247,226,312,314,310,320,340,332,303,283,3552,3552,3561,3533,3459,3454,3479,3496,3454,3318,3293,3183,3126,3125,3081
"115","McLean County",125,136,126,141,121,113,125,136,130,93,109,130,112,140,135,150,139,151,122,142,129,118,132,137,134,98,113,138,123,135,128,105,94,116,112,113,111,117,111,113,117,122,116,83,97,1708,1642,1660,1649,1616,1619,1631,1630,1631,1648,1632,1621,1618,1607,1600
"116","Meade County",394,428,411,353,385,399,434,427,359,358,419,413,423,384,442,458,441,460,458,397,428,435,486,463,390,386,442,436,452,401,346,316,358,342,367,383,376,320,346,336,400,403,350,368,396,4747,4653,4638,4618,4769,4874,5037,4912,5000,5033,5041,5119,5106,5109,5127
"117","Menifee County",106,106,107,89,114,87,86,96,97,86,75,96,80,76,91,117,114,120,108,110,116,94,97,119,154,132,131,117,102,107,76,100,102,109,98,124,100,115,120,102,102,110,145,131,99,1172,1204,1203,1195,1247,1193,1212,1205,1182,1273,1320,1273,1226,1176,1163
"118","Mercer County",144,176,183,163,186,191,183,259,283,269,238,243,239,238,246,169,154,180,206,174,187,201,275,283,293,265,237,251,239,238,138,169,152,155,137,157,182,206,237,228,233,236,254,242,221,2180,2200,2158,2249,2301,2328,2384,3231,3328,3235,3168,3092,3018,2968,2935
"119","Metcalfe County",130,110,130,140,136,139,141,159,143,126,129,122,116,114,133,117,162,140,148,157,174,175,176,170,160,154,142,130,124,107,89,108,91,60,106,88,96,101,110,111,147,129,118,104,118,1605,1623,1627,1633,1688,1661,1722,1712,1763,1727,1716,1653,1598,1584,1558
"120","Middlesboro Independent",160,163,121,156,134,135,136,143,144,161,124,133,129,93,96,189,206,228,181,210,191,173,156,148,166,148,141,133,117,111,124,97,102,111,127,126,98,119,120,118,106,107,109,100,97,1885,1803,1879,1857,1866,1795,1757,1736,1632,1618,1558,1561,1463,1411,1383
"121","Monroe County",159,151,149,149,150,176,176,179,155,142,165,152,140,156,170,164,174,156,159,151,165,194,186,191,163,147,182,150,138,161,151,139,128,129,137,126,129,119,107,152,143,170,142,129,154,2069,2071,2053,2046,2037,2026,2083,2060,2016,2012,1964,1995,1879,1892,1890
"122","Montgomery County",319,292,293,334,324,351,353,351,342,319,344,344,378,407,409,348,359,317,330,387,394,440,410,402,403,358,378,362,377,433,236,249,245,222,254,224,221,270,275,289,292,335,315,289,339,3961,4085,3983,4053,4150,4300,4503,4528,4601,4659,4684,4733,4732,4728,4935
"123","Monticello Independent",63,65,81,66,69,73,82,70,71,48,75,66,61,62,NA,58,62,57,66,64,72,72,71,65,71,58,80,64,55,NA,45,65,45,49,42,43,55,53,52,55,58,63,75,54,NA,891,903,829,826,819,878,896,864,827,822,862,885,873,779,NA
"124","Morgan County",191,170,190,196,170,191,194,173,182,154,166,157,165,151,150,249,207,188,197,211,175,217,217,202,187,181,205,186,182,155,168,146,144,163,142,140,157,153,139,153,149,146,142,120,139,2409,2299,2289,2316,2266,2223,2214,2217,2216,2167,2125,2136,2148,2073,2096
"125","Muhlenberg County",411,377,354,408,433,395,399,396,384,397,379,367,413,438,375,511,470,438,402,460,465,445,457,400,379,392,385,360,409,426,338,363,326,447,458,424,405,452,516,537,646,747,666,539,632,5265,5118,5108,5158,5191,5217,5266,5304,5300,5277,5268,5472,5379,5278,5293
"126","Murray Independent",96,101,110,112,123,156,124,107,121,116,121,94,119,101,123,112,100,127,125,136,127,159,136,126,129,125,128,97,131,109,88,98,133,118,108,126,146,138,106,132,108,107,105,118,108,1472,1560,1638,1654,1786,1826,1693,1607,1503,1495,1448,1435,1440,1509,1536
"127","Nelson County",343,328,337,388,401,400,409,371,349,364,403,362,415,380,366,402,428,387,422,470,544,526,551,483,402,436,427,381,449,418,332,346,341,344,372,337,345,285,336,398,421,384,340,361,397,4508,4594,4650,4822,4798,4738,4803,4825,4878,4843,4742,4732,4685,4633,4642
"128","Newport Independent",217,202,220,231,170,188,189,162,155,141,135,114,136,125,126,262,263,237,250,237,194,214,212,183,161,133,131,101,142,126,123,142,122,162,137,120,123,134,98,112,115,117,119,97,99,2771,2849,2771,2675,2550,2413,2192,2087,2048,1991,1974,1912,1809,1824,1825
"129","Nicholas County",93,92,81,92,94,86,111,80,89,98,84,84,89,99,94,100,102,100,97,103,112,105,123,96,109,96,81,93,98,108,77,84,70,69,82,72,68,77,75,87,95,72,78,72,53,1183,1182,1161,1188,1175,1193,1193,1201,1220,1221,1183,1163,1170,1135,1141
"130","Ohio County",327,331,302,341,295,323,309,307,333,302,292,283,310,292,336,373,373,373,359,373,325,348,351,353,350,343,307,291,307,305,228,247,266,266,277,281,239,259,246,287,275,253,290,266,268,4057,4050,4030,4004,4076,4039,3989,4021,4040,4005,3923,3992,4052,4093,4122
"131","Oldham County",706,740,709,765,817,814,848,933,951,912,941,1023,972,979,1034,698,733,735,727,798,837,897,925,958,983,962,961,1049,982,993,581,639,624,638,677,682,708,739,761,790,755,829,841,843,886,8592,8914,9278,9671,10117,10507,11099,11566,11846,11863,11931,11924,12030,12002,12219
"132","Owen County",149,150,173,171,177,184,160,156,147,169,137,118,157,137,153,153,169,181,192,171,202,211,168,156,161,165,145,120,160,143,113,122,102,97,103,101,120,116,134,128,101,130,131,136,115,1951,1945,1964,1951,1936,1961,2028,1966,1959,1892,1898,1936,1878,1854,1870
"133","Owensboro Independent",309,266,277,274,302,294,294,275,305,294,304,292,316,323,316,351,345,314,310,307,346,331,328,288,303,329,360,328,355,337,284,235,247,253,266,237,233,261,266,250,252,229,249,273,300,4277,4168,4084,4094,4107,4082,4067,4143,4085,4063,4135,4237,4445,4640,4729
"134","Owsley County",82,74,67,57,70,62,61,59,81,82,59,58,64,61,63,83,90,78,71,54,73,56,67,63,80,81,62,57,65,61,57,55,74,58,62,57,50,47,72,51,55,51,74,74,52,943,922,917,869,845,812,815,819,837,823,785,801,783,771,739
"135","Paducah Independent",253,230,246,199,223,218,218,206,240,222,183,194,196,196,214,309,290,266,282,267,265,272,266,240,288,241,214,235,250,237,218,181,148,166,170,148,169,152,171,199,191,156,198,192,187,3521,3355,3208,3140,3118,3035,3080,3043,3054,2994,2842,2831,2860,2882,3005
"136","Paintsville Independent",59,53,47,55,51,69,56,63,63,58,59,56,67,53,63,61,55,54,63,59,57,85,60,57,65,67,65,53,73,47,59,57,92,111,145,196,130,125,122,133,128,120,135,112,121,791,742,805,841,940,986,951,875,924,905,952,938,934,879,863
"137","Paris Independent",43,53,46,63,57,55,61,62,40,63,63,51,57,65,53,74,40,58,51,63,53,58,61,74,53,68,59,49,60,70,24,39,37,53,32,53,40,56,46,46,49,51,44,55,43,706,688,690,734,738,743,754,757,768,802,777,756,721,762,732
"138","Pendleton County",238,192,258,244,252,254,221,244,245,211,195,180,216,193,189,237,245,206,265,245,239,268,267,255,240,225,195,177,214,197,163,171,169,190,202,162,202,203,198,189,208,212,205,186,187,2923,2957,2962,2905,2883,2854,2834,2871,2738,2650,2649,2602,2535,2500,2467
"139","Perry County",430,376,344,358,362,352,368,351,366,351,317,334,370,293,330,462,514,444,406,374,374,334,382,359,352,352,317,334,370,293,282,255,238,222,264,234,239,272,283,264,278,278,265,236,221,4876,4857,4721,4697,4688,4426,4396,4465,4397,4293,4314,4268,4244,4189,4122
"140","Pike County",833,826,772,835,809,818,838,814,811,799,794,811,753,761,703,974,1020,947,855,916,903,892,929,883,896,809,807,845,754,751,821,728,680,615,634,624,602,649,613,645,760,724,752,692,641,11131,10942,10715,10402,10321,10158,10093,10039,9958,9871,9958,9901,9753,9557,9385
"141","Pikeville Independent",97,102,104,106,118,90,111,108,94,85,99,82,90,114,86,109,88,104,104,87,124,94,112,100,99,79,98,83,85,116,86,98,91,87,76,92,91,71,87,78,82,88,85,75,88,1314,1251,1243,1246,1214,1267,1266,1298,1247,1246,1207,1192,1196,1218,1228
"142","Pineville Independent",51,55,45,50,45,43,51,45,43,42,42,36,45,30,40,48,52,57,57,60,45,49,60,62,57,45,48,52,52,37,59,51,44,38,33,48,41,35,38,45,56,53,43,36,35,665,685,640,664,676,621,637,566,574,563,545,551,568,529,509
"143","Powell County",199,217,213,221,202,205,197,209,200,194,214,198,177,184,206,272,226,254,222,230,213,206,201,216,202,199,211,197,187,185,158,164,162,150,140,177,149,163,161,163,161,173,180,163,185,2729,2668,2622,2591,2600,2626,2557,2594,2563,2496,2534,2469,2429,2475,2471
"144","Providence Independent",31,34,30,35,33,40,24,18,NA,NA,NA,NA,NA,NA,NA,39,26,27,30,38,27,28,20,NA,NA,NA,NA,NA,NA,NA,38,18,27,27,29,31,31,21,NA,NA,NA,NA,NA,NA,NA,468,431,427,427,430,442,392,335,NA,NA,NA,NA,NA,NA,NA
"145","Pulaski County",567,574,613,635,643,667,587,618,574,614,624,623,587,623,641,816,703,758,752,730,773,787,719,721,674,675,707,656,612,654,274,496,442,489,425,531,482,473,563,604,581,588,525,569,557,7692,7841,7654,7827,7840,7892,7875,7950,8104,8162,8198,8291,8102,8188,8211
"146","Raceland Independent",86,70,65,88,84,91,90,78,86,72,89,98,78,77,76,94,94,85,72,88,97,110,98,84,101,92,81,107,85,89,69,73,59,71,74,72,73,89,80,87,95,73,79,76,85,988,1024,993,1025,991,1019,1054,1096,1057,1083,1109,1066,1060,1037,1071
"147","Robertson County",29,41,32,19,40,44,37,36,39,28,26,25,34,29,34,24,25,46,40,22,45,46,38,47,42,26,31,27,29,28,20,24,25,19,29,39,33,24,29,34,31,35,33,23,24,390,403,397,396,405,426,415,383,396,403,364,367,359,352,369
"148","Rockcastle County",221,222,257,245,273,258,258,244,203,243,223,224,206,217,244,271,243,257,259,255,286,282,281,256,221,251,230,230,210,213,177,185,191,195,178,193,185,203,215,229,214,205,199,220,186,3015,2980,3026,2996,2992,2992,2978,3025,2990,2957,2965,2945,2918,2872,2853
"149","Rowan County",240,243,229,232,258,276,269,238,207,232,253,259,240,228,271,275,282,276,285,262,292,343,335,301,236,251,285,283,254,244,190,196,196,186,186,193,179,198,204,233,233,199,198,197,229,3188,3089,3055,3094,3041,3031,3177,3200,3263,3213,3237,3247,3229,3245,3290
"150","Russell County",202,223,242,238,222,235,250,206,204,230,230,239,223,208,243,236,226,258,267,240,227,244,263,210,211,229,224,242,218,207,177,155,152,137,157,198,213,198,184,211,231,191,205,217,217,2818,2749,2751,2836,2915,2943,2979,3009,2973,2980,3000,2981,2968,3003,3047
"151","Russell Independent",187,188,161,160,192,166,162,173,194,238,188,168,166,179,153,182,192,191,165,161,192,170,158,177,153,184,179,157,166,167,167,156,149,163,151,174,160,154,183,162,158,159,143,156,151,2191,2181,2141,2170,2184,2201,2202,2230,2297,2313,2299,2258,2224,2183,2163
"152","Russellville Independent",91,98,83,106,100,91,110,76,66,72,79,79,73,91,93,108,84,100,84,112,111,92,93,74,65,62,88,75,73,94,80,103,91,91,76,90,71,81,85,79,100,74,67,58,70,1427,1354,1313,1248,1235,1215,1183,1104,1114,1085,1077,1078,1077,1082,1077
"153","Science Hill Independent",39,40,32,50,43,43,35,53,41,35,28,30,42,36,36,0,0,0,0,0,0,0,0,0,0,0,0,0,0,0,0,0,0,0,0,0,0,0,0,0,0,0,0,0,0,417,447,464,482,482,469,460,466,448,428,452,493,507,509,491
"154","Scott County",397,476,428,479,507,491,572,618,584,599,645,604,639,674,666,469,431,526,480,923,560,538,612,666,632,641,694,654,699,702,341,350,351,349,337,418,388,411,443,437,540,500,486,526,524,5763,5914,6112,6207,7009,6859,7116,7450,7764,8003,8236,8349,8395,8648,8698
"155","Shelby County",398,428,416,422,398,463,515,484,477,500,517,494,498,490,579,478,430,490,483,487,445,518,543,536,529,536,575,533,530,541,283,267,326,338,319,360,354,371,383,363,447,438,431,432,474,5059,5241,5392,5519,5525,5732,6112,6335,6438,6531,6603,6694,6804,6901,6935
"156","Silver Grove Independent",29,18,30,28,28,25,23,32,25,29,13,16,14,20,12,24,23,33,32,30,28,25,21,22,25,29,12,15,16,17,12,23,13,18,28,17,19,15,21,19,15,23,11,19,21,298,276,309,331,328,310,315,310,258,278,240,191,204,227,189
"157","Simpson County",208,238,214,282,263,245,254,251,257,243,213,247,248,233,251,243,231,252,234,300,313,282,285,281,301,265,222,244,258,245,183,182,213,171,145,170,157,214,192,180,174,228,237,219,221,2988,3087,3078,3068,3070,3151,3121,3150,3036,3041,3073,3074,3072,2995,2999
"158","Somerset Independent",139,117,130,121,136,118,125,106,129,104,120,98,115,101,138,156,173,146,139,148,169,148,144,118,151,118,156,114,148,121,92,119,109,99,126,114,106,110,108,114,107,105,107,96,130,1701,1642,1621,1572,1571,1587,1542,1516,1501,1517,1468,1512,1540,1601,1678
"159","Southgate Independent",19,26,16,26,16,11,16,17,18,16,25,18,19,18,9,0,0,0,0,0,0,0,0,0,0,0,0,0,0,0,0,0,0,0,0,0,0,0,0,0,0,0,0,0,0,201,200,196,184,169,153,156,149,147,153,224,222,204,210,182
"160","Spencer County",188,174,161,160,187,203,209,220,220,253,197,225,218,233,231,172,237,199,188,204,206,253,247,252,221,277,224,247,228,233,97,96,116,130,167,153,122,172,168,178,197,196,179,244,185,2013,2108,2248,2201,2372,2465,2488,2671,2756,2770,2813,2816,2799,2855,2829
"161","Taylor County",177,196,217,198,223,222,226,197,214,241,220,222,197,223,202,262,186,207,233,199,230,230,241,227,228,244,223,211,208,229,177,172,173,219,162,181,199,171,216,215,213,201,212,255,203,2531,2559,2605,2647,2572,2576,2620,2654,2696,2686,2697,2716,2629,2640,2606
"162","Todd County",147,145,145,173,183,161,152,157,160,162,136,169,144,152,172,177,173,148,146,189,200,187,174,178,168,183,148,181,173,155,119,90,126,136,98,120,95,137,145,145,135,147,137,147,121,2024,2080,2078,2044,2001,2068,2084,2122,2171,2114,2067,2107,2164,2100,2054
"163","Trigg County",158,147,196,166,161,212,179,181,170,171,166,166,161,186,164,194,187,176,207,198,180,225,196,194,185,165,165,177,170,179,106,105,115,123,110,109,138,123,142,175,135,146,151,150,150,2082,2087,2123,2094,2114,2107,2161,2152,2151,2124,2080,2090,2123,2144,2093
"164","Trimble County",102,123,113,130,143,129,127,131,135,132,120,135,110,113,119,119,115,134,129,144,151,140,149,147,150,164,141,159,130,117,104,85,108,96,90,100,102,124,115,94,98,96,83,91,81,1484,1577,1612,1606,1604,1633,1622,1687,1614,1577,1593,1551,1507,1445,1408
"165","Union County",219,189,163,184,191,175,160,190,138,182,178,164,175,161,146,235,246,211,202,222,243,256,205,218,165,212,216,188,194,188,195,216,280,293,299,316,319,348,357,326,331,327,309,318,296,2526,2579,2519,2525,2515,2524,2541,2553,2487,2453,2466,2384,2407,2424,2392
"166","Walton Verona Independent",81,83,95,81,86,89,109,114,112,115,110,109,139,137,135,93,91,81,96,89,88,99,105,119,117,126,128,120,133,145,61,81,67,82,67,75,97,85,85,89,99,107,111,116,116,1000,1056,1051,1078,1158,1181,1280,1323,1408,1428,1521,1557,1574,1537,1573
"167","Warren County",834,869,850,862,899,914,959,937,1022,1007,1024,1073,1081,1111,1131,990,952,1013,1046,987,1027,1051,1089,1048,1085,1125,1130,1152,1178,1240,708,741,759,782,756,775,855,792,880,873,909,908,980,1004,945,11069,11202,11236,11476,11502,11764,12338,12502,12945,13160,13568,13988,14052,14347,14497
"168","Washington County",132,119,132,132,154,155,157,132,129,147,116,130,122,116,122,194,233,174,178,175,199,213,210,175,159,159,145,159,149,153,129,145,113,148,141,136,128,132,141,142,140,131,141,143,119,1828,1978,1858,1870,1858,1831,1877,1833,1756,1767,1680,1639,1700,1681,1686
"169","Wayne County",205,184,214,202,186,216,203,210,175,207,184,186,200,195,254,342,327,289,325,268,194,242,222,224,202,202,193,206,202,274,179,165,150,161,166,135,190,151,159,195,158,181,160,167,230,2717,2631,2619,2698,2685,2550,2594,2554,2579,2607,2497,2504,2490,2508,3317
"170","Webster County",162,137,155,182,163,163,172,164,162,165,163,179,183,157,153,197,183,173,187,203,170,172,185,166,171,172,164,186,175,152,128,141,149,138,142,118,133,147,152,167,161,159,132,156,135,1987,1965,1996,1986,1956,1907,1942,1920,2180,2212,2204,2214,2183,2199,2211
"171","West Point Independent",14,15,12,22,20,10,15,21,17,13,8,15,10,15,18,0,0,0,0,0,0,0,0,0,0,0,0,0,0,0,0,0,0,0,0,0,0,0,0,0,0,0,0,0,0,173,155,167,155,150,125,151,160,125,117,107,119,121,133,159
"172","Whitley County",347,349,339,366,354,379,393,368,377,396,355,316,339,300,346,354,390,386,375,389,397,401,417,434,386,397,384,341,369,333,232,243,251,228,253,257,252,278,244,297,290,271,270,263,261,4576,4633,4681,4686,4720,4833,4826,4766,4736,4735,4665,4588,4480,4436,4408
"173","Williamsburg Independent",56,67,56,59,47,67,70,74,68,55,52,49,58,52,66,72,61,75,62,63,55,80,66,69,74,59,53,59,58,53,59,57,52,50,59,70,48,62,56,75,67,61,66,52,56,829,795,801,802,765,766,780,793,791,773,765,762,785,785,831
"174","Williamstown Independent",42,54,55,71,71,55,72,66,73,64,69,69,79,70,80,59,46,51,57,80,82,62,76,67,70,57,61,66,75,68,29,37,44,45,38,44,44,60,54,48,60,60,61,53,54,713,730,770,813,859,891,928,908,875,877,862,876,862,861,820
"175","Wolfe County",134,112,110,77,107,120,126,106,104,87,105,93,84,101,92,132,151,118,118,75,108,110,126,101,119,97,106,94,90,115,96,75,87,89,85,89,88,73,94,79,115,83,97,82,94,1419,1407,1372,1339,1337,1343,1319,1340,1298,1288,1319,1324,1282,1302,1306
"176","Woodford County",321,292,318,309,321,304,325,333,323,324,309,313,308,311,316,364,385,341,347,340,367,339,361,379,359,371,352,345,367,363,250,247,234,265,262,246,281,279,296,298,310,303,302,295,278,3953,3928,3879,3829,3821,3849,3957,3998,4058,4051,4057,4059,4005,3971,4042
